Gene,Freq_In_Subgroup,Freq_In_Rest,Difference,Fold_Change
MT-ND4,0.7597840755735492,0.5030621172353456,0.25672195833820366,1.5073223112674576
MT-CO3,0.6707152496626181,0.47331583552055995,0.19739941414205814,1.4140688533548758
MT-ND2,0.6720647773279352,0.4794400699912511,0.19262470733668413,1.398852467364293
MT-ND1,0.6248313090418354,0.4409448818897638,0.1838864271520716,1.4138218014202273
MT-ATP6,0.6464237516869096,0.48118985126859143,0.16523390041831815,1.340600076891365
MT-ND3,0.5222672064777328,0.36876640419947504,0.1535008022782578,1.4124247106992158
GSE1,0.17408906882591094,0.33027121609798776,-0.15618214727207683,0.5255182471827452
COL5A1,0.21997300944669365,0.37970253718285213,-0.15972952773615848,0.5778080994008197
