Gene_set,Term,P-value,Adjusted P-value,Old P-value,Old adjusted P-value,Odds Ratio,Combined Score,Genes
GO_Molecular_Function_2025,"Intramolecular Oxidoreductase Activity, Transposing C=C Bonds (GO:0016863)",0.008503000259765291,0.008503000259765291,0,0,137.34722222222223,654.7803852974616,IDI2
KEGG_2021_Human,Terpenoid backbone biosynthesis,0.014350573139695498,0.014350573139695498,0,0,78.4484126984127,332.9323489828731,IDI2
GO_Biological_Process_2025,Isoprenoid Biosynthetic Process (GO:0008299),0.005240533486386045,0.01473454503493292,0,0,235.51190476190476,1236.7511960759132,IDI2
GO_Biological_Process_2025,Isoprenoid Metabolic Process (GO:0006720),0.0058938180139731676,0.01473454503493292,0,0,206.0625,1057.8942276607588,IDI2
WikiPathway_2023_Human,Mevalonate Arm Of Cholesterol Biosynthesis Pathway WP4190,0.008503000259765291,0.017006000519530582,0,0,137.34722222222223,654.7803852974616,IDI2
WikiPathway_2023_Human,Cholesterol Biosynthesis Pathway In Hepatocytes WP5329,0.027871349928216577,0.027871349928216577,0,0,39.182539682539684,140.27960462020388,IDI2
GO_Biological_Process_2025,Phospholipid Biosynthetic Process (GO:0008654),0.01823125543437159,0.03038542572395265,0,0,60.99691358024691,244.26932747080096,IDI2
