Gene_set,Term,P-value,Adjusted P-value,Old P-value,Old adjusted P-value,Odds Ratio,Combined Score,Genes
SynGO_2024,Ligand-Gated IC Activity Involved In Regulation Of Presynaptic Membrane Potential (GO:0099507) BP,0.021600616979868537,0.046244417232247016,0,0,50.54219948849105,193.8310231891269,GABRA3
SynGO_2024,Synapse (GO:0045202) CC,0.02766246245291329,0.046244417232247016,0,0,8.52229020979021,30.57524102896878,RPS6KA6;GABRA3
SynGO_2024,Transmitter-Gated IC Activity Involved In Regulation Of Postsynaptic Membrane Potential (GO:1904315) BP,0.03751114184039173,0.046244417232247016,0,0,28.327116212338595,93.00124457044232,GABRA3
SynGO_2024,Integral Component Of Postsynaptic Specialization Membrane (GO:0099060) CC,0.038387856069805486,0.046244417232247016,0,0,27.65126050420168,90.14349961279008,GABRA3
SynGO_2024,Integral Component Of Presynaptic Active Zone Membrane (GO:0099059) CC,0.046244417232247016,0.046244417232247016,0,0,22.761245674740483,69.96384769416045,GABRA3
